Video_Title,Video_Link
She Don't Know: Millind Gaba Song | Shabby | New Song 2019 | T-Series | Latest Hindi Songs,https://www.youtube.com/watch?v=_P3R63mmakg
New Zealand were 41/4 chasing 347 and BREATHTAKING IMPOSSIBLE Run Chase | THRILLING 1 WICKET WIN!!,https://www.youtube.com/watch?v=2YuLsMYuRYM
"Tik Tik Tik (2018) New Released Full Hindi Dubbed Movie | Jayam Ravi, Nivetha Pethuraj",https://www.youtube.com/watch?v=MGHxQp85APA
"‡§á‡§∏ ‡§≠‡§ú‡§® ‡§®‡•á ‡§§‡•ã ‡§≠‡§æ‡§ó‡•ç‡§Ø ‡§ï‡•á ‡§¶‡§∞‡§µ‡§æ‡§ú‡•á ‡§π‡•Ä ‡§ñ‡•ã‡§≤ ‡§¶‡§ø‡§è, ‡§ú‡§ø‡§∏‡§®‡•á ‡§≠‡•Ä ‡§∏‡•Å‡§®‡§æ ‡§π‡•à ‡§Æ‡•Å‡§∞‡§≤‡•Ä‡§ß‡§∞ ‡§∂‡•ç‡§∞‡•Ä‡§ï‡•É‡§∑‡•ç‡§£ ‡§ï‡§æ ‡§¶‡•Ä‡§µ‡§æ‡§®‡§æ ‡§¨‡§®‡§æ ‡§π‡•à!!",https://www.youtube.com/watch?v=CupShWpZxWo
DAY 7 | SSL SUPER STAR LEAGUE 2019 LIVE,https://www.youtube.com/watch?v=URHhgPFUp6I
"Dadar Food Tour|| Bhelpuri, Cheese Dosa, Schezwan Vada Pav, Bhajni Vada|| Indian Street Food Series",https://www.youtube.com/watch?v=FBYPQlbYQ1w
"ZERO: Mere Naam Tu Full Song | Shah Rukh Khan, Anushka Sharma, Katrina Kaif | Ajay-Atul |T-Series",https://www.youtube.com/watch?v=VGPmFSB8qVY
Arjun Tendulkar  Batting  |  T20 LEAGUE 2019,https://www.youtube.com/watch?v=PvV6oi-av5Q
"Lyrical: Dil Mein Ho Tum| WHY CHEAT INDIA | Emraan H, Shreya D|Rochak K, Armaan M, Bappi L, Manoj M",https://www.youtube.com/watch?v=byitAI7kkOM
"Sarrainodu Full Hindi Dubbed Movie | Allu Arjun, Rakul Preet Singh, Catherine Tresa, Srikanth, Aadhi",https://www.youtube.com/watch?v=af_N38HHOCw
"ELECTRO FOLK: BHUMBRO | Shirley Setia, Parry G & Aditya Dev | T-Series",https://www.youtube.com/watch?v=FsC9gGQ37-4
Every Indian Shopping Ever | Harsh Beniwal,https://www.youtube.com/watch?v=6Q9bxokO-5Y
"Crime Patrol Dial 100 - ‡§ï‡•ç‡§∞‡§æ‡§á‡§Æ ‡§™‡•á‡§ü‡•ç‡§∞‡•ã‡§≤ - Maat - Episode 216 - 4th August, 2016",https://www.youtube.com/watch?v=exRAP45_5Yk
"Hua Hain Aaj Pehli Baar FULL VIDEO | SANAM RE | Pulkit Samrat, Urvashi Rautela | Divya Khosla Kumar",https://www.youtube.com/watch?v=DGVJtAHzzDQ
"Dum (Happy) Hindi Dubbed Full Movie | Allu Arjun, Genelia D'Souza, Manoj Bajpayee, Brahmanandam",https://www.youtube.com/watch?v=JGizSzsSioI
How It's Made Ice Cream,https://www.youtube.com/watch?v=P5R12zxuSvk
"Crime Patrol Dial 100 - ‡§ï‡•ç‡§∞‡§æ‡§á‡§Æ ‡§™‡•á‡§ü‡•ç‡§∞‡•ã‡§≤ - Ep 476 - Jhajjar Murder Case - 18th May, 2017",https://www.youtube.com/watch?v=HPYRBqiJcOc
"Crime Patrol Dial 100 - ‡§ï‡•ç‡§∞‡§æ‡§á‡§Æ ‡§™‡•á‡§ü‡•ç‡§∞‡•ã‡§≤ - Daag - Episode 52 - 23rd December, 2015",https://www.youtube.com/watch?v=ly9WMyKoY5c
36 AWESOME HACKS FOR EVERYDAY LIFE,https://www.youtube.com/watch?v=MHhroeoJnl4
"LYRICAL: Poster Lagwa Do Song | Luka Chuppi | Kartik Aaryan,Kriti Sanon | Mika Singh ,Sunanda Sharma",https://www.youtube.com/watch?v=GHhm6KQqcfg
Catching a Mid-Air Fish,https://www.youtube.com/watch?v=jdtM3ZI9o6g
The Ultimate Thug Life Of Dr. Mashoor Gulati | The Kapil Sharma Show | Compilation,https://www.youtube.com/watch?v=eqBkiu4M0Os
"Crime Patrol - ‡§ï‡•ç‡§∞‡§æ‡§á‡§Æ ‡§™‡•á‡§ü‡•ç‡§∞‡•ã‡§≤ ‡§∏‡§§‡§∞‡•ç‡§ï - Belagaam- Episode 732 - 5th November, 2016",https://www.youtube.com/watch?v=vBYNbmrhD3k
"Chogada With Lyrics  | Loveyatri | Aayush Sharma | Warina Hussain | Darshan Raval, Lijo-DJ Chetas",https://www.youtube.com/watch?v=asYxxtiWUyw
Marvel Studios‚Äô Captain Marvel | ‚ÄúConnection‚Äù TV Spot,https://www.youtube.com/watch?v=mbyd2kvRPnw
Shraddha Gives Gulati An Oil Massage | Googly Gulati | The Kapil Sharma Show,https://www.youtube.com/watch?v=HAzQ4oyUiJo
Ek Ladki Ko Dekha Toh Aisa Laga | Audio | Anil | Sonam | Rajkummar | Juhi | Darshan | Rochak,https://www.youtube.com/watch?v=GqbNL4XGT4U
5 AMAZING ROBOTIC DEVICE INVENTION ‚ñ∂ Robot Bird Can Really Fly,https://www.youtube.com/watch?v=253R4S_q18k
Rajesh Arora & Gulati's Tender Love - The Kapil Sharma Show,https://www.youtube.com/watch?v=TjtfAPHHBeY
DNA analysis on Doctored Document on Rafale deal,https://www.youtube.com/watch?v=0iImePGRXVE
[MV] MYNAME(ÎßàÏù¥ÎÑ§ÏûÑ) _ Baby i'm sorry(Î≤†Ïù¥ÎπÑ ÏïÑÏûÑ ÏÜåÎ¶¨),https://www.youtube.com/watch?v=RzSAO8op0ow
Total Dhamaal | Helicopter Promo | Riteish Deshmukh | Johnny Lever | Indra Kumar | Feb. 22nd,https://www.youtube.com/watch?v=lWxUrOffLVw
Rare Funny  Reactions in Cricket Ever,https://www.youtube.com/watch?v=scL2NU9C81E
"ELECTRO FOLK: Genda Phool | Kanika Kapoor, Jubin Nautiyal | Aditya Dev | T-Series",https://www.youtube.com/watch?v=69iO9-F7gDg
"DJ (Duvvada Jagannadham) Full Hindi Dubbed Movie | Allu Arjun, Pooja Hegde",https://www.youtube.com/watch?v=fzjAfV-oUSM
How To Read Deleted Messages On Whatsapp Messenger||This Message Was Deleted,https://www.youtube.com/watch?v=tfTyeIO4jZo
Slow Mo Aerodynamics,https://www.youtube.com/watch?v=TXYcj5wS-R0
Rozana | A Beautiful Wife | Heart Touching Short | Short Film,https://www.youtube.com/watch?v=4e64a4mCQyA
Kapil Copies Dr. Gulati's Look - The Kapil Sharma Show,https://www.youtube.com/watch?v=gPuxJYAuT_g
Tu Shayar Hai Main Teri Shayari - HD VIDEO SONG | Madhuri Dixit | Saajan | 90's Best Evergreen Song,https://www.youtube.com/watch?v=8HvgZ8XViHA
Watch: Funny video as Kohli imitates Dhawan during practice | India Tour of England,https://www.youtube.com/watch?v=pO3vJ1Z2-Zg
"Wild Planet Luxury Jungle Resort, Devala Nilgiris - Review by Tech Travel Eat",https://www.youtube.com/watch?v=8aNGFcMzb04
"Super Khiladi 4 (Nenu Local) Hindi Dubbed Full Movie | Nani, Keerthy Suresh, Naveen Chandra",https://www.youtube.com/watch?v=U9ROv4lQeJ0
"The Kapil Sharma Show - ‡§¶‡•Ä ‡§ï‡§™‡§ø‡§≤ ‡§∂‡§∞‡•ç‡§Æ‡§æ ‡§∂‡•ã - Ep - 117 - An Evening of Shayari - 1st July, 2017",https://www.youtube.com/watch?v=K-4KfG2m3bc
Best Prarthana || Itni Sakti Hame Dena Data || Full Song || Latest Devotional Video,https://www.youtube.com/watch?v=jYX3-JkkRmQ
PM Modi's Powerful Last Speech In Lok Sabha Before 2019 Elections,https://www.youtube.com/watch?v=ZrLs6kWeuFI
How to Type,https://www.youtube.com/watch?v=vXsutlz0GIQ
"Crime Patrol Dial 100 - ‡§ï‡•ç‡§∞‡§æ‡§á‡§Æ ‡§™‡•á‡§ü‡•ç‡§∞‡•ã‡§≤ - Hadd - Episode 76 - 20th January, 2016",https://www.youtube.com/watch?v=NuE5B96w_O8
tawa pizza recipe | veg pizza on tawa without yeast | ‡§§‡§µ‡§æ ‡§™‡§ø‡§ú‡•ç‡§ú‡§æ ‡§∞‡•á‡§∏‡§ø‡§™‡•Ä | pizza without oven,https://www.youtube.com/watch?v=1EiTl71XtsA
‡§ï‡•Å‡§Æ‡§æ‡§∞ ‡§∏‡§æ‡§®‡•Ç ‡§ï‡•á ‡§∏‡•Å‡§™‡§∞ ‡§π‡§ø‡§ü ‡§ó‡§æ‡§®‡•á l Best of Kumar Sanu l Kumar Sanu hit Songs l 90's hits songs,https://www.youtube.com/watch?v=VSfjJf3lmc0
"Ambala (Aambala) Hindi Dubbed Full Movie | Vishal, Hansika Motwani",https://www.youtube.com/watch?v=WE8mTr6p1kg
BLACKPINK - 'ÎßàÏßÄÎßâÏ≤òÎüº (AS IF IT'S YOUR LAST)' M/V,https://www.youtube.com/watch?v=Amq-qlqbjYA
Main Teri Hoon Song | Dhvani Bhanushali | Sachin - Jigar | Radhika Rao & Vinay Sapru,https://www.youtube.com/watch?v=atnyX5yjLj0
DO OR DIE Match for Dhoni and Dhoni DID THIS which Changed His Life and Indian Cricket Forever!!,https://www.youtube.com/watch?v=DBgnM-GB4oI
Types Of Toppers | The Timeliners,https://www.youtube.com/watch?v=3saSH_rgXdo
How to Repair a Bag Zip | Help in Tamil,https://www.youtube.com/watch?v=17w4PCclZK0
Kapil Meets Savita Bhabhi | Comedy Circus Ka Naya Daur,https://www.youtube.com/watch?v=g1hkJl9c2UM
TSP's When you Cheat on your phone,https://www.youtube.com/watch?v=Glw-qFuz3Bc
‡§Æ‡§æ‡§¢‡§æ ‡§Æ‡§§‡§¶‡§æ‡§∞‡§∏‡§Ç‡§ò‡§æ‡§§‡•Ç‡§® ‡§™‡•Å‡§®‡•ç‡§π‡§æ ‡§∂‡§∞‡§¶ ‡§™‡§µ‡§æ‡§∞ ‡§≤‡§¢‡§£‡•ç‡§Ø‡§æ‡§ö‡•Ä ‡§∂‡§ï‡•ç‡§Ø‡§§‡§æ,https://www.youtube.com/watch?v=Wv29ptmsU8E
"Vivegam (2018) Full Hindi Dubbed Movie | Ajith Kumar, Vivek Oberoi, Kajal Aggarwal",https://www.youtube.com/watch?v=eHkke8hsy1I
AUSTRALIA vs. WORLD XI 2005 - 2nd ODI FULL HIGHLIGHTS,https://www.youtube.com/watch?v=dvH5czCokG8
"Tech Talks #734 - PUBG Lite Update, Vivo V15 Pro, Zenfone 6, Skype Blur, Tokyo Olympics, Android Q",https://www.youtube.com/watch?v=qpGCEF5sD9A
Top 10 Best Crazy Shots In Cricket History - Unorthodox Shots in Cricket,https://www.youtube.com/watch?v=4ETlR4BThK4
Son Of Abish feat. Melvin Louis & Anushka Manchanda,https://www.youtube.com/watch?v=gBF9LW59iqA
"The Super Khiladi 3 (Nenu Sailaja) Telugu Hindi Dubbed Full Movie | Ram Pothineni, Keerthy Suresh",https://www.youtube.com/watch?v=vkuiI430d_0
"[Comeback Stage] Red Velvet - RBB(Really Bad Boy)  , Î†àÎìúÎ≤®Î≤≥ -  RBB(Really Bad Boy)",https://www.youtube.com/watch?v=8MIyRMbVmrI
No. 1 Dilwala (Vunnadhi Okate Zindagi) 2019 New Released Full Hindi Dubbed Movie | Ram Pothineni,https://www.youtube.com/watch?v=1-Au1PmzkI0
"Crime Patrol Dial 100 - ‡§ï‡•ç‡§∞‡§æ‡§á‡§Æ ‡§™‡•á‡§ü‡•ç‡§∞‡•ã‡§≤ - Kureeti - Episode 184 - 1st July, 2016",https://www.youtube.com/watch?v=svb-siZdQzQ
3 idiot Omelette Recipe - 3 layers of the Stuffs with Cheese & Cream ! Indian Street Food,https://www.youtube.com/watch?v=e3YrmV5Pzp8
Breaking News :‡§Ö‡§≠‡•Ä ‡§Ö‡§≠‡•Ä ‡§≠‡§æ‡§∞‡§§‡•Ä‡§Ø ‡§¶‡§ø‡§ó‡•ç‡§ó‡§ú ‡§ï‡•ç‡§∞‡§ø‡§ï‡•á‡§ü‡§∞ ‡§®‡•á ‡§ï‡§π‡§æ ‡§¶‡•Å‡§®‡§ø‡§Ø‡§æ ‡§ï‡•ã ‡§Ö‡§≤‡§µ‡§ø‡§¶‡§æ,https://www.youtube.com/watch?v=XUcdCR_5pyU
Jaya Kishori | ‡§∏‡§¨‡§ï‡•Ä ‡§Ü‡§Ç‡§ñ‡•á ‡§®‡§Æ ‡§π‡•ã ‡§ó‡§à ‡§∏‡•Å‡§®‡§ï‡§∞  | heart touching bhajan,https://www.youtube.com/watch?v=eCu0fs11V2s
World Cup Cricket 1996 India Pakistan,https://www.youtube.com/watch?v=lA2Ojyb0gqg
SIKANDAR (2019) New Released Full Hindi Dubbed Movie | New Movies 2019 | South Movie 2019,https://www.youtube.com/watch?v=EZpcn85cyiQ
How I Lost Belly Fat In 7 Days: No Strict Diet No Workout!,https://www.youtube.com/watch?v=mhVzVfA-8Kc
IPL 2018 Emotional And Heart Touching Moments And Gestures | MSD Emotional Moments,https://www.youtube.com/watch?v=SZINKFAzyEg
"Nidahas Trophy 2018 Final Match, Final Over - India vs Bangladesh",https://www.youtube.com/watch?v=QD2hxpQd_b0
‡§Æ‡•Ä ‡§™‡•ç‡§∞‡•Ä‡§§ ‡§ï‡•á‡§≤‡•Ä ‡•§ ‡§ö‡§≤‡§æ ‡§π‡§µ‡§æ ‡§Ø‡•á‡§ä ‡§¶‡•á - ‡§π‡•ã‡§ä ‡§¶‡•á ‡§µ‡§æ‡§Ø‡§∞‡§≤ ‡•§ ‡§ù‡•Ä ‡§Æ‡§∞‡§æ‡§†‡•Ä,https://www.youtube.com/watch?v=OsiU-5Y41qQ
Japanese Street Food - GIANT OPAH SUNFISH Okinawa Japan,https://www.youtube.com/watch?v=KhA5FCf2r7U
Traditional Pot Biryani | Chicken Biryani Recipe | Matka Biryani,https://www.youtube.com/watch?v=sWGdseagMw4
Gordon Ramsay Prepares Duck In A Secret Sweet & Sour Sauce | Gordon's Great Escape,https://www.youtube.com/watch?v=SfftM87LkkQ
Amazing Cooking Egg Puffs Making in Bakery | How to Make Egg Puffs | Egg Recipes | Indian StreetFood,https://www.youtube.com/watch?v=A-_whi4avXM
"Crime Patrol - ‡§ï‡•ç‡§∞‡§æ‡§á‡§Æ ‡§™‡•á‡§ü‡•ç‡§∞‡•ã‡§≤ ‡§∏‡§§‡§∞‡•ç‡§ï - Ep 829 - Murder At Midnight - 14th July, 2017",https://www.youtube.com/watch?v=9dvl30zY0zQ
[MV] MAMAMOO(ÎßàÎßàÎ¨¥) _ Wind flower,https://www.youtube.com/watch?v=H8NCOA2bK6k
Accidental Catches  üëâ Top 10 Unexpected Catches in Cricket History,https://www.youtube.com/watch?v=xTHfby0AMNw
"Varanasi ( Banaras, Kashi) 5 am to 8.30 Pm , Episode 1",https://www.youtube.com/watch?v=z-lvYDoJoiw
"Jaya Janaki Nayaka KHOONKHAR | Full Hindi Dubbed Movie | Bellamkonda Sreenivas, Rakul Preet Singh",https://www.youtube.com/watch?v=1lFk1LSsI_c
"Hyper Aadi, Raising Raju Performance | Jabardasth | 7th  February 2019 | ETV Telugu",https://www.youtube.com/watch?v=Zoa2VemyBt4
Atif Aslam : Tera Hua Full Video Song | Loveratri | Dheere Dheere Se Tera Hua,https://www.youtube.com/watch?v=FdBGj19-mGQ
"The Real Jackpot 2 (Indrajith) 2019 New Released Full Hindi Dubbed Movie | Gautham Karthik, Ashrita",https://www.youtube.com/watch?v=5C-po4iZYfQ
Arijit Singh Rahat Fateh Ali Khan Atif Aslam Hit Songs - Latest Romantic Hindi Songs Vol.1,https://www.youtube.com/watch?v=pPsWFIjy89g
DHONI MASTER CLASS AND BHUVI MASTER CLASS WHAT A PLAN,https://www.youtube.com/watch?v=xWjHs6F8yXA
Leja Re  | Dhvani Bhanushali | Tanishk Bagchi | Rashmi Virag |Radhika Rao| Vinay Sapru | Siddharth,https://www.youtube.com/watch?v=NNqLB7znMLU
Chicken Noodles Recipe | Amazing Chinese Chicken Hakka Noodles | Grandpa Kitchen,https://www.youtube.com/watch?v=eSDYB9rZGa0
Mungda | Total Dhamaal | Sonakshi Sinha | Ajay Devgn | Jyotica | Shaan | Subhro | Gourov-Roshin,https://www.youtube.com/watch?v=iD63CfkizWM
Xiaomi Redmi Note 7 Pro 2019 Trailer Concept Design Official introduction !,https://www.youtube.com/watch?v=JjtcibA0CDA
Shraddha Oils Gulati's Hair - The Kapil Sharma Show,https://www.youtube.com/watch?v=hpYZ8eutnr4
"Crime Patrol Dial 100 - ‡§ï‡•ç‡§∞‡§æ‡§á‡§Æ ‡§™‡•á‡§ü‡•ç‡§∞‡•ã‡§≤ - Hashr-Episode 240 - 15th September, 2016",https://www.youtube.com/watch?v=WB42pDLd6Iw
"Filing of GSTR 3B Return, Generate GST Challan & Online Payment - Live GSTIN.",https://www.youtube.com/watch?v=nBEN8-F9jng
Salman Khan | BHARAT | Official Teaser | EID 2019,https://www.youtube.com/watch?v=Fxq18WuuRms
